<configuration>

    <appender name="consoleAppender" class="ch.qos.logback.core.ConsoleAppender">
        <encoder>
            <pattern>%d{yy-MM-dd HH:mm:ss.SSS} [%thread] %-5level %logger{36} ----- %msg %n</pattern>
        </encoder>
    </appender>

    <appender name="fileAppender" class="ch.qos.logback.core.FileAppender">
        <encoder>
            <pattern>%d{yy-MM-dd HH:mm:ss.SSS} [%thread] %-5level %logger{36} ----- %msg %n</pattern>
        </encoder>
        <file>logs/payment.log</file>
    </appender>

    <root level="INFO">
        <appender-ref ref="consoleAppender" />
        <appender-ref ref="fileAppender" />
    </root>

</configuration>